servidor,anio,AR,BB,BO,BQ,BR,BZ,CL,CO,CR,CU,CW,DM,DO,EC,GF,GP,GT,GY,HN,HT,JM,KY,LC,MQ,MX,NI,PA,PE,PR,PY,SR,SV,TT,UY,VC,VE,VI
A,2012,194.327595238095,0.0,0.0,73.2182727272727,226.945886206897,74.0049558823529,177.38325,96.954359375,108.767666666667,0.0,84.7883782051282,0.0,113.557482758621,0.0,0.0,0.0,92.975,0.0,0.0,0.0,0.0,0.0,0.0,0.0,0.0,0.0,0.0,0.0,0.0,226.741928571429,0.0,0.0,0.0,244.959027522936,0.0,0.0,0.0
A,2013,207.530964015151,0.0,0.0,101.487761904762,205.480490463215,120.513891891892,179.192886462882,119.987544444444,115.85178,0.0,123.722928143713,0.0,83.8035975609756,106.724722222222,0.0,0.0,99.947,0.0,0.0,0.0,100.269166666667,90.29090625,0.0,0.0,67.581046184739,0.0,0.0,170.761166666667,0.0,232.430875,149.275833333333,0.0,0.0,236.832866666667,0.0,77.5898461538461,0.0
A,2014,199.484663585953,0.0,0.0,86.6769090909091,173.99922674219,85.7345714285714,167.695876760563,110.863669565217,96.3221466165414,147.014166666667,123.510781954887,0.0,98.7662971014493,117.194797297297,132.43264,87.1860058139535,93.7524288617886,0.0,90.0560833333334,0.0,82.6287698412698,64.4733444444444,0.0,111.322555555556,71.5859083333333,83.4160972222222,0.0,161.722044444444,82.36285,217.298222222222,89.1808333333333,65.30378125,118.603431818182,203.687780036134,0.0,94.9866707317073,59.186525
A,2015,194.258388759329,66.2515,116.6976625,0.0,168.372624927788,119.142,177.110232267323,95.9119920212766,105.4012,164.844370967742,125.898582677165,0.0,88.9777191464822,125.008212686567,150.354239130435,89.9311512935883,77.8407764705882,116.609392857143,93.2207254273505,0.0,96.3441626016261,63.125125,116.879875,92.8855135135135,66.6753538681948,91.2816333333333,125.762142857143,130.982591919192,95.7656126331811,216.958147540984,109.778663265306,91.9315956790124,115.585301136364,209.21835371179,0.0,69.863207977208,42.243130952381
A,2016,204.838049301242,86.0808888888889,161.474410958904,0.0,166.811536793184,115.671588235294,199.811467540574,90.4288137583893,96.102644,181.820271929825,111.766070866142,0.0,83.7969327830188,114.866616236162,127.401527777778,96.6721371681416,82.758255882353,108.991272727273,93.1385229591837,108.133625,82.7150677083333,66.3616666666667,99.1645714285714,92.7093653846154,74.587193287037,71.3683888888889,0.0,142.265045955882,79.5161278195488,226.13640530303,111.902148514851,80.9170236486486,111.418816831683,186.960322638146,79.2837666666667,83.8006831831832,87.6160576923077
A,2017,200.679885480572,93.9367644927536,180.745268518519,0.0,162.457590963376,121.518695833333,188.066579915878,125.475725423729,98.0998565022422,126.773857142857,104.922637614679,0.0,75.8394539748953,135.131920520231,120.50888372093,87.6595853658536,97.0437673267327,0.0,101.544005076142,0.0,70.2443382352941,60.8548586956522,115.027848484848,88.48540625,100.528778846154,89.8853157894737,105.325022580645,146.710441640379,79.4337904191617,218.819442857143,124.504576190476,111.184386956522,87.8567266666667,189.067374237805,112.556075,95.9886484375,126.915857142857
A,2018,193.240704311612,121.313632450331,179.570613249445,0.0,159.122482382855,103.11912,176.094483361775,102.136634948097,87.7293525073746,142.073666666667,100.52234939759,0.0,70.9705318237454,118.302791666667,131.252946428571,86.8057448979592,88.5552311320755,0.0,90.1343677419355,38.7641470588235,95.3359444444444,115.827966666667,129.115869047619,90.9423695652174,102.009626731302,139.0840875,88.8159637681159,160.01058419244,116.403111801242,232.55266988417,144.461336206897,55.8367083333333,98.7116428571429,181.247047263682,121.427723684211,90.5086311881187,56.0371730769231
A,2019,175.962564548663,70.6948496732026,166.508871830986,0.0,162.579612123894,111.534065550907,190.6059244,100.444929112554,78.3227764705883,96.2291785714286,105.919127906977,91.6776363636364,64.5511622257054,106.789135989011,104.612479166667,69.6572636363636,54.1165234375,0.0,69.9459153846154,23.7176086956522,0.0,103.131772727273,81.1129583333333,64.42825,79.6920341796875,52.54125,64.0103383084577,157.843605053192,63.1978319327731,226.570070564516,113.300606060606,31.6623961038961,77.506265060241,189.46094017094,92.75025,83.2489003623189,38.6653292682927
A,2020,175.773179289026,46.425688172043,186.71980228471,0.0,149.921502325582,124.674045833333,182.842248433304,86.2460436893204,70.2552007168459,58.1350729166667,70.5996477272727,55.9583709677419,49.9235884086444,88.7090974025974,113.578,91.3110281690141,65.5640082417582,83.7946666666667,49.3953706896552,20.6225,0.0,54.5532,77.4320471698113,76.6296323529412,60.6935877632897,53.300625,69.4517338709677,163.726193965517,49.314881443299,222.991034172662,99.1030147058824,34.6156666666667,59.2782604166667,152.627337954939,0.0,73.4770794871795,33.0223229166667
A,2021,173.49666416309,0.0,219.0222,0.0,138.256825652174,0.0,157.9329376,124.543530172414,59.5179064748201,48.683,0.0,0.0,33.6453969072165,91.8945061728395,0.0,0.0,73.9599,0.0,55.1939722222222,0.0,0.0,0.0,0.0,0.0,51.3858457446808,0.0,69.1565666666667,154.719502923977,32.8114210526316,194.834835106383,0.0,0.0,59.0055902777778,141.874619607843,0.0,52.8394900990099,34.2842083333333
A,2022,172.168798701299,0.0,0.0,0.0,137.905257142857,0.0,155.813506355932,120.545989795918,60.0311272727273,99.7291458333333,0.0,0.0,25.332375,122.77596969697,0.0,0.0,61.627,0.0,32.9320416666667,0.0,0.0,0.0,0.0,0.0,41.9477168674699,0.0,70.8868035714286,139.183617647059,31.0424090909091,151.337913043478,0.0,0.0,56.0247361111111,136.893542056075,0.0,50.90878,34.3797631578947
B,2012,188.650427710843,0.0,0.0,129.751515151515,219.025164739884,109.814088235294,167.547410596027,135.115921875,116.99993452381,0.0,118.148935897436,0.0,127.770568965517,0.0,0.0,0.0,92.9916666666667,0.0,0.0,0.0,0.0,0.0,0.0,0.0,0.0,0.0,0.0,0.0,0.0,251.852428571429,0.0,0.0,0.0,225.92808041958,0.0,0.0,0.0
B,2013,208.500300505051,0.0,0.0,129.46575,211.743536639857,130.700897435897,184.944321232123,139.065058139535,129.102960784314,0.0,123.256804733728,0.0,114.237097560976,133.702277777778,0.0,0.0,97.5966666666666,0.0,0.0,0.0,112.696083333333,100.24590625,0.0,0.0,80.3296104166667,0.0,0.0,162.408666666667,0.0,249.1231875,155.097416666667,0.0,0.0,230.86462,0.0,123.053533333333,0.0
B,2014,196.309890372453,0.0,0.0,135.768818181818,206.327419654714,120.380071428571,182.723398931001,149.1275,126.007481060606,205.344555555556,123.712575757576,0.0,132.869277777778,185.271732394366,182.36976,133.408011904762,125.49539375,0.0,130.57277,0.0,124.30046031746,101.975922222222,0.0,155.333961538462,67.3966636904762,119.566972222222,0.0,201.768662790698,107.456733333333,185.818555555555,179.1515,98.09771875,163.120333333333,228.883160648148,0.0,136.232231707317,13.6670625
B,2015,215.544689819146,99.85125,118.09095,0.0,199.773876510462,118.546807692308,186.636645962733,135.569188172043,128.922532894737,181.006528571429,122.9136,0.0,120.887759515571,168.692085820895,194.802336956522,128.849600806452,117.402652439024,136.056410714286,132.250427631579,0.0,122.302726495726,102.791581395349,146.97525,134.888638888889,59.6838002873564,126.365035714286,144.2101875,144.814831313131,115.408388632873,227.543983606557,149.99312,121.485863354037,173.362982954545,215.982914512923,0.0,115.562184472934,14.9109087301587
B,2016,220.155877283558,119.034611111111,157.984034246575,0.0,198.316481990705,111.2143,187.340699390244,138.429336120401,118.628830645161,188.5805,127.444322834646,0.0,117.034291964996,160.947415354331,182.818541666667,147.661526785714,116.449409090909,144.638977272727,131.05081122449,123.332142857143,107.610331632653,94.1748222222222,137.615328947368,134.58008,60.165769675926,112.079833333333,102.353,143.722027675277,104.417242424242,225.82630078125,141.861891089109,118.493183823529,159.054843434343,217.270511627907,99.3772,142.488775449102,121.4753125
B,2017,201.970741474851,115.669582733813,173.578555762082,0.0,191.203547805642,100.582591666667,187.145882198953,129.441923986486,102.669397982063,187.634261904762,119.875916666667,0.0,110.143968970381,141.720833333333,151.979918604651,151.223256097561,99.9251287128713,0.0,95.434312182741,0.0,121.106885714286,92.4084565217391,138.526029411765,116.781265625,59.0460755555556,70.2084210526316,110.297422580645,152.852340694006,111.76044011976,214.524678733032,148.912004807692,105.784285714286,119.298413333333,217.096246312684,129.207775,131.242684126984,93.4828787878788
B,2018,184.450163250715,119.155811258278,157.910588495575,0.0,181.311999455338,97.969268,183.822406330197,113.029989583333,79.340175,154.238790697674,128.761307692308,125.6095,108.941134236453,116.475259408602,90.0800535714286,133.468357142857,99.7884691943128,0.0,80.0943806451613,87.8488235294118,136.011810810811,131.203144444444,144.887280487805,108.622282608696,59.8238699861687,113.9129125,101.998752427184,148.736154639175,108.035696428571,202.830764808362,150.144551724138,73.5833125,117.199166666667,215.427399328859,132.157394736842,95.7834207920793,94.9243942307693
B,2019,180.713294088176,99.4534607843137,152.322812969925,0.0,179.148399858653,109.307789400279,98.901781096563,104.457843073593,95.8198617647059,110.116267857143,153.407305343511,122.569291666667,138.912109076433,121.587512396694,120.865,172.057372727273,123.378276041667,0.0,121.625092307692,168.328,0.0,181.546875,126.454166666667,146.875054347826,94.8916950424005,112.488,92.3313490099009,145.769772727273,58.6154915966386,190.27999789916,149.005060606061,71.959474025974,150.23562195122,189.97525982906,130.818,77.1342895683454,112.042280487805
B,2020,160.805457511381,69.3577311827957,134.27741827768,0.0,139.927802145411,74.0476625,123.250525408348,92.0911365853659,81.4161209386282,93.46475,87.5760340909091,90.1035322580645,78.215557956778,81.3132265372169,131.226088235294,81.8331901408451,74.2313885714286,102.815166666667,81.0660316091954,152.611,0.0,58.5749,87.2710471698113,86.462044117647,83.93685,103.1458125,63.2021155913978,117.432515086207,59.4538711340206,168.544555555556,115.040621212121,34.5645111111111,74.9593055555556,156.971327526132,0.0,68.3029362244898,52.85171875
B,2021,142.385846412556,0.0,132.978975,0.0,129.658260869565,0.0,64.1956710758377,67.1857548076923,69.046684,85.3653260869565,0.0,0.0,53.5404948717948,91.7402361111111,0.0,0.0,73.6041954887218,0.0,54.1598125,0.0,0.0,0.0,0.0,0.0,73.2796326923078,0.0,77.7623833333333,113.944798507463,37.4656730769231,164.632015957447,0.0,0.0,69.824485915493,156.726504016064,0.0,43.7001831683168,46.6275520833333
B,2022,123.810532679739,0.0,0.0,0.0,124.554866666667,0.0,48.2176877934273,59.9682448979592,85.3380818181818,132.123145833333,0.0,0.0,46.4839017857143,101.377181818182,0.0,0.0,78.8465,0.0,52.6123333333333,0.0,0.0,0.0,0.0,0.0,74.7821144578313,0.0,96.0177321428571,77.9626470588235,32.1365,161.905208333333,0.0,0.0,70.4639722222223,112.751462962963,0.0,61.595801369863,54.2789210526316
C,2012,174.3564,0.0,0.0,77.1477121212121,173.805603448276,72.8292285714285,162.1444,120.264625,74.8102181818182,0.0,79.3702628205128,0.0,91.4771964285714,0.0,0.0,0.0,93.0416666666667,0.0,0.0,0.0,0.0,0.0,0.0,0.0,0.0,0.0,0.0,0.0,0.0,205.127428571429,0.0,0.0,0.0,195.139115384615,0.0,0.0,0.0
C,2013,185.893501176471,0.0,0.0,72.8058214285714,172.221146267361,93.0423947368421,166.291888520971,119.120666666667,83.0512067307692,0.0,74.0872781065089,0.0,93.9359512195122,119.881555555556,0.0,0.0,84.7713333333333,0.0,0.0,0.0,65.8282916666667,63.8295,0.0,0.0,53.1374032921811,0.0,0.0,160.357625,0.0,194.218083333333,107.56425,0.0,0.0,200.960758547008,0.0,83.3223461538462,0.0
C,2014,197.802695275911,0.0,0.0,90.5744047619048,172.631042727273,106.102357142857,165.210569915254,120.816540935672,96.8290661764706,129.479313953488,89.4489431818182,0.0,103.607485347985,118.371209459459,120.0396,80.8131724137931,91.4416104166666,0.0,98.5937358490566,0.0,77.9874596774194,74.7511444444444,0.0,113.340982142857,52.4684541666667,81.4379722222222,0.0,143.530396296296,76.6176333333333,206.075625,146.324916666666,75.10409375,121.527629032258,190.839219251337,0.0,106.404548780488,19.2863125
C,2015,192.517737308869,88.602,106.481071428571,0.0,161.071803976862,108.711884615385,163.248882678133,91.6230994623657,103.375458064516,140.419193548387,89.251320610687,0.0,87.7191782810684,113.412119402985,139.619782608696,76.8607193877551,78.3370178571428,102.999535714286,93.2892542735042,0.0,90.3749504132231,68.3744090909091,100.8353125,89.604027027027,47.7446074498568,120.127133333333,113.321625,124.345123232323,79.4831116207952,206.031352459016,118.18039,85.0648302469136,116.691179775281,181.546426732673,0.0,83.4609238505748,16.789996031746
C,2016,187.430720290409,80.4682222222222,124.558835616438,0.0,152.663047876448,100.595138888889,170.239417892157,80.26955704698,83.2297944297083,147.974745614035,79.54554296875,0.0,73.6730059101655,106.178204797048,121.852326388889,93.8193053097345,77.3571181818182,95.4199090909091,84.5021076923077,92.8942142857143,78.0600773195876,63.2868444444444,95.3703795180723,84.5378,53.1190266203704,61.6886111111111,74.188,127.836583941606,69.5143909774436,194.061950757576,108.729287128713,71.462847972973,105.82486196319,175.018087344028,70.47,78.5458775811209,84.0845961538462
C,2017,184.150131204231,82.1915827338129,133.501566420664,0.0,148.910016587678,63.7909791666666,157.05214911366,89.0189583333333,84.3213732129421,125.935154761905,81.9411559633027,0.0,65.4922548476454,103.317803468208,108.543790697674,79.8997804878049,80.8229117647059,0.0,88.4887219387755,0.0,64.4523333333333,54.5588586956522,103.930582089552,65.8345625,46.26765,68.6005789473684,83.7663733766234,107.167326018809,65.383,181.848110204082,117.766923076923,62.9436956521739,82.1884304347826,171.788975,94.241725,95.1036578125,61.5895142857143
C,2018,175.979494774347,84.072940397351,129.190606563422,0.0,145.878420652174,70.5912619047619,150.928015332197,97.3721928327645,83.2297322485207,120.647295454545,77.8690235294118,89.653,67.4276339066339,96.3070362903225,114.053875,80.3396354166667,84.5754736842105,0.0,80.2642175324675,49.2682647058824,79.2449324324324,66.5443111111111,93.1932738095238,70.0744130434783,44.0478113730929,64.1069615384615,75.6333188405797,106.706676975945,73.0739329268293,185.243951557094,116.903387931035,59.6149236111111,76.6629640287769,173.657095709571,94.3841578947369,89.1937209876543,55.8593557692308
C,2019,172.356930348259,66.5676809210527,135.106802336449,0.0,141.696869667966,78.276919804742,151.800068290735,91.9363772923409,86.2372138643068,117.782690909091,79.4256231343284,88.4879166666667,66.6559968749999,104.547234332425,99.3210833333333,87.2657,75.2710544041451,0.0,87.2889538461538,47.642,0.0,67.0275113636364,87.9834166666667,66.9702391304348,45.1097799479166,81.512625,69.5446608910891,115.800054521277,62.4572857142857,179.927421370968,112.953060606061,58.8143246753247,77.5749609375,157.921779761905,91.6965,82.8326516245487,54.0263292682927
C,2020,165.590227341965,63.0077580645161,132.143404217926,0.0,134.146117308456,72.41985,148.12004573991,92.8004903846154,85.0138822463769,120.463989583333,71.9986363636364,81.464935483871,58.4822593688363,85.4010258899677,87.9019705882353,83.9455704225352,69.1106538461539,101.097833333333,58.1226293103448,46.732,0.0,53.7510428571429,87.2691730769231,58.7688088235294,51.6716951951952,72.0523125,62.8140887096774,117.475331896552,68.9260515463918,167.798019713262,112.350060606061,61.1157777777778,76.969493902439,156.087431542461,0.0,82.115396373057,55.8991875
C,2021,168.370559684685,0.0,133.210125,0.0,123.815647778785,0.0,145.747666118421,84.5312884615385,83.9228031496063,107.24627173913,0.0,0.0,49.5224076923077,90.7394583333333,0.0,0.0,84.3098832116789,0.0,54.0039583333333,0.0,0.0,0.0,0.0,0.0,42.9452892720306,0.0,78.5069666666667,105.577159259259,61.1393653846154,168.45610106383,0.0,0.0,72.8511478873239,149.23140562249,0.0,55.6688564356435,49.34125
C,2022,167.93799025974,0.0,0.0,0.0,122.52340647482,0.0,141.113417721519,85.0119693877551,90.0091272727272,123.764145833333,0.0,0.0,50.7899910714286,97.0499393939394,0.0,0.0,84.596220338983,0.0,55.3170833333334,0.0,0.0,0.0,0.0,0.0,39.0517289156627,0.0,78.7605535714286,115.725852941176,62.6377272727273,142.518333333333,0.0,0.0,75.0478888888889,142.340967592593,0.0,63.8286533333333,55.1738421052632
D,2012,172.578339285714,0.0,0.0,70.6063484848485,168.514005681818,75.1646142857143,146.607482758621,99.239890625,73.3713,0.0,80.3066282051282,0.0,85.2723620689655,0.0,0.0,0.0,93.0416666666667,0.0,0.0,0.0,0.0,0.0,0.0,0.0,0.0,0.0,0.0,0.0,0.0,171.777928571429,0.0,0.0,0.0,185.711772727273,0.0,0.0,0.0
D,2013,185.548056085919,0.0,0.0,74.5086463414634,170.605459307359,85.5229102564103,152.13329002193,104.9763,86.5540817307692,0.0,87.7653402366864,0.0,80.7263095238095,121.049055555556,0.0,0.0,163.168833333333,0.0,0.0,0.0,89.310875,61.80734375,0.0,0.0,91.1433310810811,0.0,0.0,111.572333333333,0.0,177.557138888889,110.9622,0.0,0.0,185.763594420601,0.0,99.4476875,0.0
D,2014,117.433473678799,0.0,0.0,114.690075,162.503029483654,112.393357142857,155.98408688447,112.685817251462,80.4871090225564,158.644227272727,92.0375340909092,0.0,90.5157655677656,144.973939189189,122.61186,82.1786976744186,95.6028376623377,0.0,82.2759361702128,0.0,66.8231475409836,56.2375777777778,0.0,152.927928571429,87.3800354609929,123.185819444444,0.0,128.065818518519,53.1316551724138,266.699566666667,223.991416666667,54.1617333333333,92.4099942528736,41.0517008928571,0.0,99.1919634146342,8.16325
D,2015,124.139944470117,57.8513333333333,99.0221875,0.0,164.184993429698,73.071,153.945916666667,94.7342690217391,49.0370168918919,122.630981481481,73.8455813953488,0.0,76.6130973193473,139.237175373134,159.07627173913,82.1791306666667,73.482282208589,117.102375,87.9834128787879,0.0,69.0060847457627,59.6851136363636,79.3320625,88.4201351351351,68.8854799331104,189.6929,151.1610625,116.931287601626,72.2707379844961,219.241079365079,98.1392254901961,83.6316698113208,103.987156424581,51.2348514915693,0.0,86.0753910533911,34.5781309523809
D,2016,125.477703597398,53.9509444444444,112.220212328767,0.0,149.637657497094,69.5616911764706,156.454777167277,82.8223678929766,39.8245863874346,137.189511363636,67.9613849206349,0.0,68.4860176886792,114.679194756554,118.704555555556,84.1187300884956,65.6341233766234,81.8469772727273,75.1067267759563,85.4812857142857,54.3354322916667,64.8770972222222,84.6670903614458,82.49758,59.1309328767123,51.4225555555556,0.0,104.113211678832,59.6946705426357,179.022860902256,94.9631732673267,73.4044695945946,92.4795216049383,75.2233247023809,45.4957,91.6438967065868,82.8237708333333
D,2017,162.662735092667,54.0031151079137,117.085964684015,0.0,149.648121889554,52.2584957627119,58.6254864442126,81.4921677852349,57.9736467268623,72.0709285714286,70.4806132075471,0.0,62.8075863509749,96.3574147398843,95.911988372093,79.3155394736842,69.137895,0.0,74.6085555555555,0.0,23.7005714285714,0.0,74.7243787878788,81.375,57.2690813704497,47.8927368421053,76.8672435064935,93.9085864779876,63.9505508982036,116.844946502058,92.559119047619,53.653147826087,53.3563146067416,154.488535242291,69.527975,110.20611829653,89.4104705882353
D,2018,85.6233973735409,56.0967880794702,142.512682799702,0.0,152.87668052318,67.1041428571428,36.2590885593221,98.4692910447761,37.9365540935673,54.6456704545454,68.2452924528302,71.9645,64.4925363300493,83.9880640668524,91.0273571428571,85.57284375,75.8953779342723,0.0,67.0556266233767,4.39173529411765,35.6085675675676,70.5533125,74.4798095238095,52.8406785714286,68.0300847222223,86.001875,70.7646449275362,129.724692439862,61.6612055214724,84.8492817869417,108.459715517241,46.9606527777778,56.4054803149606,44.1031394389439,69.9336447368421,101.346614814815,79.0812692307693
D,2019,80.54173947789,43.5508758169935,176.716315452756,0.0,159.434639209278,99.6838748211731,41.4252285828663,96.1468944805196,35.3077895522388,84.1610357142857,66.0549318181818,59.5724166666667,60.23950859375,100.096971311475,83.6782916666667,89.2136090909091,63.5994300518135,0.0,81.3801384615385,2.28076086956522,0.0,56.90525,64.6024583333333,59.4224782608696,75.1289321743388,87.475875,58.4411336633663,169.54889893617,43.7377394957983,90.1498597560976,91.6963333333333,34.8906298701299,60.75365625,59.4571860398861,67.00825,76.2478850364963,49.1179666666667
D,2020,63.041332154088,41.4595698924731,188.849302631579,0.0,140.88764699706,119.422889830508,25.1197524357839,77.6043,25.3084556962026,59.6488541666667,63.3547386363637,53.6458387096774,48.4452677165355,84.764207119741,108.122735294118,73.1433450704226,65.5778873626374,98.8245,41.4389482758621,4.396,0.0,55.5787714285714,76.4037019230769,60.3584411764706,64.1360656312625,43.981875,70.5225923913044,163.921723913044,44.5340721649484,85.9224782608694,117.593333333333,32.6544222222222,68.8734085365854,98.8361889081455,0.0,88.2547923076923,101.224822916667
D,2021,26.5218542600897,0.0,221.32565,0.0,121.19641107078,0.0,29.2061968698517,96.3921057692307,19.4594133858268,69.8313369565218,0.0,0.0,39.9362371134021,124.678493055556,0.0,0.0,75.5080367647059,0.0,27.3894583333333,0.0,0.0,0.0,0.0,0.0,66.7366213282247,0.0,89.3279666666667,143.533397058824,48.3431346153846,5.54512234042553,0.0,0.0,90.1918943661971,43.3824317269077,0.0,59.3794900990099,30.9109270833333
D,2022,47.6375292207792,0.0,0.0,0.0,123.654729761905,0.0,21.8930762711864,112.989153061225,19.7637363636364,105.7573125,0.0,0.0,22.6179464285714,109.890712121212,0.0,0.0,48.3015762711864,0.0,26.3362083333333,0.0,0.0,0.0,0.0,0.0,77.4815963855422,0.0,130.836303571429,62.6715147058824,32.0400454545455,4.519125,0.0,0.0,76.8177222222222,59.9001422018349,0.0,75.7568133333333,29.9896578947368
E,2012,198.577207317073,0.0,0.0,144.358090909091,209.466162790698,104.252470588235,175.846742753623,146.754703125,153.845708333333,0.0,113.272,0.0,112.235785714286,0.0,0.0,0.0,92.9416666666667,0.0,0.0,0.0,0.0,0.0,0.0,0.0,0.0,0.0,0.0,0.0,0.0,224.427071428571,0.0,0.0,0.0,231.812237226277,0.0,0.0,0.0
E,2013,181.223415294118,0.0,0.0,67.0542976190476,157.523365789474,72.1719358974359,173.756691834452,82.2179333333333,111.190235576923,0.0,81.1084235294118,0.0,80.6856585365854,123.119666666667,0.0,0.0,165.8355,0.0,0.0,0.0,124.29525,58.87446875,0.0,0.0,66.0280658436213,0.0,0.0,105.8725,0.0,236.925805555556,172.507,0.0,0.0,202.248794759825,0.0,80.7570384615385,0.0
E,2014,98.4882071874999,0.0,0.0,58.5230952380952,167.184663886315,63.8263333333333,168.198330488383,112.220284057971,77.5268970588236,183.042494623656,137.102556818182,0.0,100.020018315018,138.287358108108,203.36934,120.286839285714,90.2335422222222,0.0,79.86725,0.0,61.5291967213115,58.4324555555556,0.0,153.636592592593,94.0929696428572,114.329361111111,0.0,179.237896296296,44.9063333333333,264.760875,99.345,46.6179117647059,123.770962121212,45.1677280701754,0.0,103.672185185185,4.2773625
E,2015,115.265272595641,41.25275,89.7429024390244,0.0,165.437055676856,66.9398846153846,154.380809610706,91.8928315508022,50.5867894736842,123.593672413793,105.725775590551,0.0,83.5639865967365,122.069955223881,161.843445652174,101.842309523809,64.2247379310345,101.498464285714,84.2818195488722,0.0,61.9502172131147,86.2133068181818,77.775125,86.0719729729729,69.2988280346821,158.6033,133.354625,116.567497979798,84.3410894495413,209.260928571429,88.9694230769231,82.8698447204969,145.680340909091,46.9171478599222,0.0,85.9887137681159,16.9774365079365
E,2016,84.2683348817568,54.0197777777778,109.389605633803,0.0,148.640578204625,65.9210833333333,152.494277639752,85.3966707746479,44.5424227748691,131.33975,75.28370703125,0.0,68.9967777777777,95.8073771551724,128.554910714286,93.8508076923077,57.4155198675497,81.5448863636364,67.216554054054,55.4290714285714,51.4596326530612,48.8139142857143,85.7935759493671,79.38284,58.7166674816626,48.6669722222222,55.7,99.4727156488549,99.7038571428571,182.721225,86.2396534653465,62.641047008547,105.832,29.4582695729537,39.9959666666667,100.204969111969,84.6916346153846
E,2017,77.940923524343,56.765,108.069442804428,0.0,134.282231227652,42.82295,57.0954609375,85.3338737024222,58.7713662131519,71.3568095238095,62.483679245283,0.0,60.1475401106501,104.881087423313,94.9618837209302,88.7420121951219,65.6832525252525,0.0,73.1123190954774,0.0,51.7414782608696,33.1905326086956,74.554625,47.17428125,58.002763326226,44.6542333333333,69.0762967741935,81.6789339622642,91.5367215568862,135.861453296703,86.7045904761905,49.2521220930232,56.6955416666667,34.8839017991005,69.791775,122.599906976744,88.4313970588235
E,2018,31.4772608377983,55.4770860927152,88.8324596182085,0.0,35.6754916545719,55.991696,26.9733290924513,58.4549200680272,66.1876862170088,48.7686511627907,50.3172389937107,59.258,53.0712146371463,67.469,88.9983035714286,101.877322916667,70.1929600938967,0.0,62.1033701298701,50.8238529411765,46.6012162162162,66.1366666666667,70.2115731707317,44.15775,50.2937638121548,67.858625,48.8793768115942,45.3162886597938,90.4970299401198,37.4241881918819,103.462939655172,45.549,64.7488382352941,25.0818327674024,66.8098815789474,98.2328746736293,76.8209326923077
E,2019,35.0640766649458,44.0236699346405,65.2033145386766,0.0,29.6112106382979,47.2316345885635,19.8264271496816,50.6233866341992,39.9530356083086,54.254625,34.224231060606,57.5550416666667,49.0296353677621,61.7771534246576,83.222625,67.7937818181818,48.290225388601,0.0,66.4855846153846,2.53728260869565,0.0,65.4261022727273,52.3647916666667,37.2897173913043,46.4590234375,56.81325,38.4667747524753,52.088032,91.8051428571429,59.0657299107143,86.7875,30.878,55.9063795180723,28.0353005093379,62.40375,65.3074706959707,49.2174333333334
E,2020,29.5600704980843,41.6460107526882,44.8150069930071,0.0,30.276523015873,48.5515636363636,21.592557079646,47.45771875,25.2033067226891,49.83915625,11.6840795454545,52.3484677419355,43.5205859375001,36.2472653721683,114.090558823529,67.0763661971831,45.9880201149426,73.7056666666667,31.7923362068965,2.1235,0.0,30.9474285714286,67.2654230769231,41.2076029411765,50.6644529058116,44.105,46.0511793478261,52.6551573275862,102.953639175258,49.1657528089888,81.9552272727273,31.7262777777778,50.1574479166667,70.0919156626506,0.0,75.8269564102564,102.229427083333
E,2021,20.4479785867238,0.0,31.945525,0.0,16.8758703220192,0.0,18.4603426517572,43.1544605263158,18.5518115942029,52.7475543478261,0.0,48.4648636363636,30.3156030927835,76.0916617647059,0.0,0.0,57.8893531746032,0.0,27.1893472222222,0.0,0.0,0.0,0.0,0.0,31.2223812056738,0.0,86.7735333333333,33.1422029411765,134.589157894737,28.5509893617021,0.0,0.0,77.8575347222222,24.6124670781893,0.0,43.4617574257426,30.8105520833333
E,2022,19.7259636174636,52.002625,44.985624137931,0.0,25.2399136851521,66.662625,14.1582547709924,40.168073964497,14.8956746987952,110.319270833333,10.2980833333333,0.0,36.5833125,51.5855046728972,119.159916666667,72.8203846153846,40.5188975903615,0.0,49.6452441860465,0.0,0.0,37.1242083333333,62.647140625,56.5761666666667,47.4530151975684,51.0425714285714,73.6245733695652,13.6420447761194,97.1389558823529,25.6278706896552,88.5479583333333,42.5965,58.3299791666667,37.4795518018018,0.0,60.6261079136691,30.0778421052632
F,2012,104.446089285714,0.0,0.0,123.444575757576,55.1590028409091,105.05490625,99.5535748299319,161.49990625,102.208479166667,0.0,128.931019230769,0.0,129.750964285714,0.0,0.0,0.0,92.95,0.0,0.0,0.0,0.0,0.0,0.0,0.0,0.0,0.0,0.0,0.0,0.0,211.126428571429,0.0,0.0,0.0,162.131172661871,0.0,0.0,0.0
F,2013,219.578444444445,0.0,0.0,124.848451219512,42.0632096219931,117.480448717949,157.061076710817,147.541188888889,39.017567961165,0.0,102.599328402367,0.0,125.4115,16.7192777777778,0.0,0.0,121.9045,0.0,0.0,0.0,133.129958333333,95.75475,0.0,0.0,25.8744074074074,0.0,0.0,176.8135,0.0,227.219470588235,165.78325,0.0,0.0,241.642146666667,0.0,117.02453125,0.0
F,2014,190.26606034665,0.0,0.0,139.062590909091,50.9725911949686,102.7555,138.499896107056,163.384602564103,54.0179621212121,140.370118421053,146.927628787879,0.0,144.239346590909,28.0886621621622,180.76906,132.014813953488,135.815075949367,0.0,135.634990384615,0.0,127.749,101.937266666667,0.0,169.331092592593,52.3466528279182,140.711416666667,0.0,177.285737037037,114.930633333333,261.898333333333,201.558416666667,138.857766666667,179.984896174863,211.79524600939,0.0,96.57365,12.1257
F,2015,100.668675184162,167.784666666667,123.256064102564,0.0,51.5861148356401,163.459346153846,132.681028085281,146.011489130435,107.168896666667,169.671842105263,138.387320610687,0.0,129.970015151515,50.3871156716418,201.320644444444,128.877843317972,126.649051829268,116.671785714286,141.187208061002,0.0,131.280152542373,104.970022727273,165.3173125,155.281405405405,60.5581930835735,165.457666666667,169.151428571429,147.73013803681,109.989459104938,235.685316666667,173.250458333333,124.829309375,162.157365348399,86.3355596868885,0.0,51.0651096866097,17.1850119047619
F,2016,126.962640031032,167.744944444444,158.284787671233,0.0,46.3111819571866,146.981191176471,136.358283857442,114.713046822742,113.223290884718,167.156614035088,130.6406640625,0.0,118.519230861244,21.7877406716418,158.369465277778,138.422146017699,130.291688622755,92.0100454545454,124.936966321244,149.902875,147.67471875,77.8622777777778,166.614162337662,118.38528,95.3817313084112,50.9076111111111,138.015,149.408722627737,101.881011450382,210.015938461538,179.669034653465,128.278180272109,173.797993827161,8.03187878787878,140.948321428571,42.0457144970414,132.57132
F,2017,98.6073940855705,68.5142517985611,103.958356088561,0.0,31.7304741612032,54.2791416666667,72.2145500532482,65.58685,60.8659965909091,139.902297619048,85.0068027522936,0.0,94.1899603616134,24.7360592485549,136.023512195122,137.076115384615,94.4088284313725,0.0,99.6119149484536,0.0,81.6594782608696,79.430152173913,72.6032391304348,67.2651875,56.0449570815451,45.2179736842105,63.3296785714286,67.4179855305467,81.0037272727273,64.1538218623482,118.613850961538,73.1467280701754,89.3017025862069,7.0535080763583,69.348175,68.2401987381704,109.712171428571
F,2018,50.1943710900474,55.8788675496689,80.9581333333334,0.0,27.7982894641564,46.5758015873016,59.6514919286321,49.1626177474403,51.103790560472,67.0989404761905,68.4686777108434,74.4235,57.7073007334963,38.2688212290503,89.1287142857143,72.5473125,68.0360669856459,0.0,56.5286064516129,7.315,46.7640135135135,88.1139333333333,76.0344761904762,61.6908695652174,39.8287268965517,59.5367051282051,41.141690821256,43.5411649484536,56.3641288343558,34.8665662020906,89.2669913793103,33.4662708333333,60.325881294964,10.2579629324547,68.1034342105263,86.6594926289927,48.3770673076923
F,2019,41.3303394788594,43.9700751633987,66.4823127917833,0.0,23.782891985138,45.4598242677824,44.1096526778576,45.7611373507058,65.5536671554252,60.8829553571429,71.1730416666667,64.1306666666667,52.19315859375,78.2316461748634,84.2023125,67.7797636363636,50.026796875,0.0,66.0422846153846,4.61352173913043,0.0,66.4914886363637,56.8814166666667,88.5257173913044,32.7830118583496,55.77125,36.6930668316832,53.1784788359788,46.0145294117647,61.5844092741936,85.9369393939394,32.978038961039,64.45066015625,14.9841144067796,67.109,59.2196636363636,36.0892222222222
F,2020,35.8003764044944,41.7269301075269,48.1351663763066,0.0,26.9891214342314,47.694474789916,31.4686340160285,47.470830952381,57.9408920863309,79.65628125,72.6380227272727,61.157435483871,43.9195,92.5441553398057,113.614823529412,76.1043028169014,50.2551120689655,77.5253333333333,32.5783189655172,1.909,0.0,28.8451285714286,86.4135288461538,55.66875,45.6454985,44.2421875,49.2969489247312,49.4778484848485,106.959474226804,38.9162724014337,50.7043285714286,34.0812666666667,57.4557804878049,33.2056640893471,0.0,64.6016743589744,30.3768958333333
F,2021,19.8289539325843,0.0,77.710925,0.0,19.6637359346642,0.0,19.8407664473684,71.6626057692308,19.5494606299213,92.835597826087,0.0,0.0,29.0618128205128,101.002194444444,0.0,0.0,62.0608872180451,0.0,28.8182291666667,0.0,0.0,0.0,0.0,0.0,21.4484367816092,0.0,70.6957666666667,62.6695772058824,33.1813653846154,36.4860212765957,0.0,0.0,64.906647887324,11.74405,0.0,42.0539306930693,40.2776979166667
F,2022,14.7396168831169,0.0,0.0,0.0,13.4661023809524,0.0,9.72287130801688,57.7364591836735,19.5731727272727,127.237395833333,0.0,0.0,21.9425535714286,40.8966666666667,0.0,0.0,55.4241583333333,0.0,26.9430416666667,0.0,0.0,0.0,0.0,0.0,31.6268795180723,0.0,65.8703928571429,11.9851617647059,32.2918181818182,31.9518125,0.0,0.0,51.5695416666667,9.76693981481482,0.0,42.53116,28.3147894736842
G,2012,235.484409090909,0.0,0.0,112.581976190476,204.878710084034,95.2782045454546,187.93336,130.320575,94.6973809523809,0.0,106.935096153846,0.0,143.722954545455,0.0,0.0,0.0,93.1583333333333,0.0,0.0,0.0,0.0,0.0,0.0,0.0,0.0,0.0,0.0,0.0,0.0,188.60475,0.0,0.0,0.0,230.678293478261,0.0,0.0,0.0
G,2013,238.367410852713,0.0,0.0,107.750785714286,200.302752968036,110.798846153846,186.321229517396,139.554666666667,113.422163461538,0.0,120.683355421687,0.0,195.741342105263,164.895555555556,0.0,0.0,97.4195,0.0,0.0,0.0,101.443166666667,89.16396875,0.0,0.0,90.6402427983539,0.0,0.0,143.810833333333,0.0,201.476472222222,156.6885,0.0,0.0,221.539208920188,0.0,97.4019615384615,0.0
G,2014,208.534164663996,0.0,0.0,125.789309523809,186.34414450867,110.548,179.061793494705,128.298019877676,110.19193359375,128.218901709402,108.032472440945,0.0,143.706107843137,120.323132352941,146.951043478261,99.0852307692308,113.210266666667,0.0,104.869739130435,0.0,92.2108070175439,91.3436585365853,0.0,125.7184,69.8949401709401,98.0730625,0.0,144.081606060606,85.2790517241379,206.9882,159.89775,91.4370333333333,134.243921052632,206.71902394636,0.0,113.087227272727,111.200592105263
G,2015,201.117747358751,105.126166666667,128.932631578947,0.0,179.379728826042,97.7167307692308,180.023347409221,113.113905913979,118.830707236842,140.169419354839,104.22456870229,0.0,152.791704320988,116.053654135338,192.525347826087,122.993247395833,91.2244580838323,119.520642857143,102.96210860215,0.0,105.697351694915,72.7194318181818,98.527375,119.581081081081,51.3489004273504,115.401866666667,134.2548125,134.547915151515,93.7572989296636,205.466412698413,128.30574,122.954279874214,136.090107734807,234.066326704545,0.0,95.2182165242166,118.825333333333
G,2016,202.679679526949,118.599875,137.428090277778,0.0,174.818463750506,94.7934852941176,186.044676687117,112.149511784512,101.587200534759,157.77148245614,103.289879844961,0.0,121.437438701923,121.422518518519,205.825493055556,140.493468468469,114.75354491018,108.420681818182,108.271823076923,101.017285714286,91.4829132653062,76.2870888888889,116.71993373494,166.79412,80.9868094736842,75.6360277777778,116.914,129.212155109489,85.0247977099237,206.152511450382,133.386075757576,88.1017089041096,124.06336196319,226.167421908894,81.9652666666667,97.8107411242603,131.834384615385
G,2017,201.155656771046,109.177327338129,155.154828996283,0.0,172.71958015873,83.2121625,168.854459332638,107.589254208754,106.575576576577,165.007369047619,109.48576146789,0.0,90.2024048611111,124.360750720461,166.589686046512,148.260378048781,104.888464646465,0.0,112.071538071066,0.0,95.5587214285714,72.8554673913044,115.779139705882,111.104984375,61.1403876953125,92.5739210526316,108.329183870968,128.491858490566,87.5057575757576,202.625524691358,134.392052884615,91.0886086956522,103.884465217391,200.511675555556,117.790575,113.74947492163,81.2962571428571
G,2018,194.933688311689,102.403725165563,148.227975961539,0.0,166.618180529996,89.235684,169.191620940171,111.650525773196,104.64182300885,177.466583333333,102.23225,109.15,89.7868425245099,111.42058401084,138.602392857143,105.552739583333,106.330263157895,0.0,100.29184516129,75.5419411764706,88.7959594594595,88.1850454545455,119.360926829268,93.1575434782609,68.8863865710561,90.96805,96.8159492753623,127.63795862069,90.5401636904762,197.91176975945,138.031560344828,78.2839166666667,105.603050359712,198.228890016921,111.638513157895,114.489504926108,78.8758173076923
G,2019,187.159995743615,81.4339117647059,146.692585526316,0.0,160.917547521398,88.0740329131653,165.33023531778,109.643634573894,104.219382352941,174.9345,95.5442671755726,101.859375,86.90551328125,114.64134984985,117.979291666667,103.162772727273,92.459484375,0.0,101.741484615385,63.0941818181818,0.0,92.1134886363636,107.235479166667,78.9610434782609,65.3608225453409,97.907125,80.3983960396039,132.267021390374,82.5112521008403,196.001026315789,130.106075757576,72.8582402597403,104.59279296875,174.198783018868,111.58475,94.1346666666666,67.3201097560976
G,2020,179.001828344533,106.438692307692,149.277119109948,0.0,156.611674855491,91.5830981595092,160.747689128816,105.563949554896,106.151830188679,194.9498125,86.4207931034483,119.922757575758,82.3196860655737,105.044112048193,107.498138297872,102.620552941177,86.0198251121076,112.192166666667,71.3524337349398,62.881,0.0,73.2657142857143,127.741512048193,77.14146875,62.5887796352584,83.4576,78.4107577092511,133.053517295598,95.951963768116,187.786781967213,132.213739130435,72.3809777777778,110.882730337079,167.438622085048,0.0,93.5760644927536,129.735770833333
G,2021,175.881989260143,106.528198630137,144.765606944444,0.0,155.081068759342,100.728674698795,153.600226452119,100.080781725888,102.511671122995,197.987,82.0328536585366,92.9854090909091,69.6884692118226,101.385946335079,102.919236111111,102.139512987013,97.0475931818182,0.0,75.6736304347826,0.0,0.0,73.9433928571429,103.359801075269,90.39875,57.6509079545455,84.6069404761905,70.9595670731707,129.008451724138,83.5860892857143,185.364035433071,124.994883333333,0.0,103.615820224719,170.916757527734,0.0,75.1957290502793,76.4106770833333
G,2022,174.782834235453,98.61865,151.399666666667,0.0,154.344021804062,82.9968125,150.650221768708,89.899512,99.0698112244898,157.865464285714,92.1279861111111,0.0,71.0625128755365,102.980886075949,115.725926470588,102.643333333333,102.939555555556,0.0,74.6236320754717,0.0,0.0,76.6485769230769,101.60743220339,86.2626279069767,57.9110430292599,82.7771428571429,93.4505337301588,133.59078125,79.8078804347826,177.801176470588,132.54409375,84.689,92.8309915254237,170.786890060241,0.0,72.1745529411765,73.3208684210526
H,2012,172.213414634146,0.0,0.0,79.2362121212121,167.448360465116,76.5269285714285,185.700091240876,111.002089285714,79.1345939393939,0.0,88.5723461538462,0.0,88.0446607142857,0.0,0.0,0.0,93.0916666666667,0.0,0.0,0.0,0.0,0.0,0.0,0.0,0.0,0.0,0.0,0.0,0.0,212.130166666667,0.0,0.0,0.0,201.717962121212,0.0,0.0,0.0
H,2013,187.118020432692,0.0,0.0,81.3514047619048,170.06066399287,88.7058717948718,187.956279294653,122.392922222222,91.7692378640777,0.0,90.1240476190477,0.0,83.9244634146341,165.855944444444,0.0,0.0,114.666833333333,0.0,0.0,0.0,99.1435,61.55228125,0.0,0.0,84.0990802469136,0.0,0.0,129.72225,0.0,234.396694444444,119.277,0.0,0.0,208.201653658537,0.0,83.3330769230769,0.0
H,2014,189.748430633437,0.0,0.0,89.79535,167.735292492492,86.7213333333333,183.266877667141,109.305987301587,92.4277615384615,143.116166666667,90.3667765151515,0.0,111.24678442029,161.013028571429,135.33986,79.3317906976744,95.4505299145299,0.0,88.339962962963,0.0,85.2062786885246,67.5071444444444,0.0,164.612571428571,92.9730726190477,84.9457083333333,0.0,146.212433333333,71.0255833333333,202.916833333333,156.7875,81.0827352941177,116.702252688172,196.497204501916,0.0,109.44655625,82.0671
H,2015,197.110557686311,84.7153333333333,106.039304878049,0.0,168.450839777006,118.127423076923,183.981907954079,100.912889784946,101.976797297297,121.275322580645,84.1562595419847,0.0,85.9974878048781,135.305984848485,152.043358695652,85.8804041858679,112.359398203593,107.703392857143,99.6312932900433,0.0,86.4126239669421,60.7297727272727,81.069875,156.080621621622,84.9269028985507,99.6633333333333,146.593875,130.492511178862,75.6431052227342,201.112234375,112.397010204082,86.45479,113.835363720074,182.308809664694,0.0,99.9935840517241,82.5325158730159
H,2016,222.98575111201,82.0338888888889,119.720164383562,0.0,171.947371899225,98.941,181.952718137255,106.827207191781,98.1553881578947,136.513589285714,83.1902579365079,0.0,75.3069127358491,132.157034798535,203.052131944444,120.939716814159,102.620772189349,95.4715909090909,103.759291237113,90.5627142857143,75.1846354166667,63.7965777777778,93.9701296296296,183.9855,96.9131812339331,61.8528611111111,115.575,124.104083333333,66.8140340909091,195.48384351145,109.463732673267,79.8140136363636,104.76431595092,181.18139516129,69.3391,123.991536163522,79.3464423076923
H,2017,224.59175163684,103.707701438849,141.540022304833,0.0,183.059498164015,84.1764041666667,168.254004702195,110.436374576271,96.4190586907449,166.148345238095,102.403151376147,0.0,98.4266203059805,123.740582848837,154.297697674419,137.258804878049,105.547935643564,0.0,112.231396464646,0.0,76.8703857142857,56.9674239130435,122.434795454545,104.3453125,91.5194057815846,72.2336052631579,94.7461038961039,139.971132492114,73.2030808383233,191.286015228426,136.576857142857,106.435222222222,85.906,195.879275147929,98.2065,144.363428321678,81.924
H,2018,211.709918977056,86.8097649006623,134.163157933579,0.0,167.774096879536,78.5479444444445,160.836734842015,112.71248630137,87.2427405247814,115.007125,90.803124260355,88.5835,75.7471922604422,111.943269541779,113.647339285714,108.279638297872,93.4808357142857,0.0,94.6003311688312,62.9110294117647,81.4561891891892,72.6979666666667,108.080630952381,73.5378369565217,96.6263091286307,78.6350375,77.4554082125604,133.77352233677,69.1041577380952,181.098101694915,120.241974137931,66.0806041666667,83.8734820143885,185.219474295191,98.3337763157895,114.304028606965,62.5637115384615
H,2019,181.661410473815,79.1057777777778,137.366859477124,0.0,150.516443381745,79.7184299719888,158.68022,101.366385822511,96.0335599415204,0.0,89.2877709923664,91.003875,76.7805023474178,105.601293150685,109.079413043478,100.288554545455,77.1788626943006,0.0,94.7247769230769,48.4989090909091,0.0,73.6956931818182,109.380875,71.4639891304348,80.9268760997067,78.19975,74.1034727722772,125.743986702128,67.2429705882353,189.7858125,116.359060606061,61.9152597402597,92.2713203125,165.012453924915,97.5805,91.7877481617647,60.5487111111111
H,2020,118.588811638591,71.6763548387097,136.544478260869,0.0,84.9590001984127,97.4224041666667,118.370698384201,128.765995024876,102.795657039711,189.927219512195,76.0452386363636,89.4349354838709,82.9582568359375,101.581665048544,155.299367647059,118.729098591549,90.9555527777778,99.2093333333333,86.6674568965517,25.618,0.0,54.6805857142857,97.780141509434,79.0943235294118,86.8688109327984,105.380875,83.7748225806452,116.144951965065,75.0878350515464,126.015482078853,119.169287878788,85.5084444444444,94.984487804878,150.965452879581,0.0,95.899,56.2852708333333
H,2021,80.8469125560538,0.0,148.012825,0.0,46.4032726860254,0.0,88.9551644736842,122.882640776699,145.631854330709,180.468358695652,0.0,0.0,68.5977974358974,124.76525,0.0,0.0,126.532102941177,0.0,141.598791666667,0.0,0.0,0.0,0.0,0.0,112.938825,0.0,118.267133333333,118.686242647059,64.6429230769231,41.0642074468085,0.0,0.0,94.9960281690141,73.400924,0.0,66.715185,56.5689791666667
H,2022,57.4689415584416,0.0,0.0,0.0,35.8041443914081,0.0,70.1069535864979,66.1034081632653,98.4925181818182,208.992152173913,0.0,0.0,31.7121607142857,107.313015151515,0.0,0.0,80.5901779661017,0.0,105.473791666667,0.0,0.0,0.0,0.0,0.0,80.293765060241,0.0,83.2470178571429,86.7147205882353,59.6100909090909,39.5080208333333,0.0,0.0,59.6934444444444,32.0890458715596,0.0,78.1054657534246,39.1716842105263
I,2012,239.335639240506,0.0,0.0,127.395424242424,197.821630813954,117.4805,217.430069852941,82.9739677419355,149.658800595238,0.0,61.8530512820513,0.0,130.789875,0.0,0.0,0.0,93.075,0.0,0.0,0.0,0.0,0.0,0.0,0.0,0.0,0.0,0.0,0.0,0.0,261.662857142857,0.0,0.0,0.0,243.512351694915,0.0,0.0,0.0
I,2013,244.117477491961,0.0,0.0,109.085892857143,154.740652740341,84.9102307692308,206.286309128631,74.58255,150.533891304348,0.0,94.1524441176471,0.0,146.614743902439,0.0,0.0,0.0,164.8285,0.0,0.0,0.0,159.946,200.43390625,0.0,0.0,127.302008230453,0.0,0.0,191.579,0.0,244.212611111111,202.583583333333,0.0,0.0,250.562639908257,0.0,253.075384615385,0.0
I,2014,232.152659137577,0.0,0.0,107.166590909091,140.820084976526,98.7923571428572,213.470131349206,151.791790650406,114.751325925926,224.945285714286,143.695041666667,0.0,191.974052941176,195.8425,193.355,141.259170588235,139.898664444444,0.0,139.937692307692,0.0,102.765081967213,213.934455555556,0.0,167.127732142857,90.0467403846153,115.306791666667,0.0,186.528385185185,66.7503333333333,247.652333333333,106.98025,45.6140882352941,105.71474863388,242.109101449275,0.0,226.758083333333,100.684675
I,2015,220.108560592976,57.5165,143.98585,0.0,126.917885396518,80.3571923076923,223.028789473685,177.900651162791,95.1748782894737,181.536366666667,120.377060606061,0.0,164.247292429793,172.184133333333,220.056522222222,125.183338285714,91.1978488372093,82.9721785714286,99.0497709923664,0.0,108.378165217391,168.430170454545,123.9728125,169.525864864865,104.424330434783,65.1082,96.0372142857143,175.026203703704,82.7289391171994,264.048223214286,91.3019230769231,112.48549044586,126.406786111111,232.571209401709,0.0,137.416175968992,56.8954484126984
I,2016,132.003889383155,53.5901666666667,141.345609375,0.0,94.0615220125785,70.5025142857143,192.88225913242,154.858125,78.3103421750663,212.525346153846,111.965952755906,0.0,145.258110294118,155.804953441296,201.713222222222,146.098491071428,107.561552980132,89.931,120.703273529412,93.71575,49.7183673469388,126.829511111111,93.454234939759,162.133961538462,134.818244755245,60.1025833333333,75.095,147.679852657005,62.9584545454545,253.387164179105,90.314795,97.6081965811966,119.502447204969,127.302876824818,40.2847333333333,133.508181818182,93.5099038461538
I,2017,88.447452392947,56.099625984252,131.214146226415,0.0,73.0905105162522,86.2790175438597,140.431870946822,126.676905172414,139.38481030445,108.787483333333,103.197431372549,0.0,120.03827311522,158.200234076433,187.01161627907,153.368182926829,147.83064893617,0.0,141.290440340909,0.0,138.064227272727,233.082576086956,72.032109375,210.177328125,130.382076180258,84.5253823529412,116.904437037037,137.488768199234,76.1970786163522,172.303587349398,94.8719947916667,123.496881818182,106.581414414414,75.1874583333333,69.847725,154.692057507987,149.895558823529
I,2018,83.4922174757281,56.1004735099338,154.568082739509,0.0,82.4381997379258,135.639456349206,110.878692377496,156.870930313589,141.48375,47.4771923076923,78.5232094594595,58.727,147.778012946979,182.112387052342,178.069571428571,195.025364583333,155.101768292683,0.0,144.465069078947,142.043117647059,44.8475405405405,119.041922222222,68.0589761904762,111.166076086956,95.3154157381616,149.841638888889,94.5917874396136,122.343015463917,67.3387389937107,58.179625,99.0191440677966,193.033784722222,67.0603848920863,42.5584220563847,68.8608947368421,124.987475062344,121.6553875
I,2019,73.51188475,52.3855490196079,142.314681547619,0.0,66.8099186962751,117.013677824268,105.87497485081,187.48698997709,147.650503322259,69.6075892857143,106.902449579832,127.761454545455,148.244738132911,133.977240896358,195.605416666667,230.390588235294,178.596635638298,0.0,213.352535087719,93.8620476190476,0.0,115.851625,57.5791666666667,55.4854239130435,81.4782312724894,136.79625,107.406366336634,139.936375668449,65.3700336134454,16.5598836734694,93.425775862069,189.812766233766,83.53184765625,32.6392645051194,67.06425,101.365671052632,66.1351388888889
I,2020,69.6549747126437,41.5894301075269,189.933065602837,0.0,78.1127801057771,102.244803418803,59.6766281281281,107.396941176471,100.926876893939,48.2605729166667,75.2364090909091,53.9190806451613,63.0052519685039,20.7291957236842,192.601787878788,108.786894366197,85.3230316091954,72.0925,97.040474137931,92.3685,0.0,115.014128571429,79.6059339622641,65.4643676470588,77.1677309619237,45.9689375,96.5513687150838,161.776758695652,84.3286546391753,18.4211768060837,162.717014285714,36.7609888888889,93.449006097561,20.2037652173913,0.0,72.901563583815,48.8370208333333
I,2021,34.1591244394619,0.0,18.53475,0.0,47.7916574410163,0.0,27.354078125,116.679004901961,68.2354208333333,78.6948214285714,0.0,0.0,45.0700788043478,10.6120677966102,0.0,0.0,86.8952125984252,0.0,54.3544375,0.0,0.0,0.0,0.0,0.0,69.5873662182362,0.0,85.1235,67.2873455882353,88.1865384615385,3.47048936170213,0.0,0.0,117.069338709677,20.0281610878661,0.0,59.8375153061225,44.4096666666667
I,2022,42.7483682432432,0.0,0.0,0.0,35.9714226044226,0.0,23.3663072033898,133.681989795918,71.6877181818182,143.9114375,0.0,0.0,116.563745454545,13.3835909090909,0.0,0.0,54.9506779661017,0.0,111.872291666667,0.0,0.0,0.0,0.0,0.0,83.9136385542169,0.0,165.959947368421,30.4428235294118,87.9447272727273,4.89241666666667,0.0,0.0,105.373861111111,17.5234814814815,0.0,89.0990135135135,51.498
J,2012,32.5036111111111,0.0,0.0,65.0522272727273,154.417954268293,56.7282714285714,207.831201754386,94.09575,124.466990740741,0.0,19.5007272727273,0.0,80.7738103448276,0.0,0.0,0.0,93.0916666666667,0.0,0.0,0.0,0.0,0.0,0.0,0.0,0.0,0.0,0.0,0.0,0.0,158.003166666667,0.0,0.0,0.0,236.703318181818,0.0,0.0,0.0
J,2013,72.6500137061404,0.0,0.0,94.0802261904762,187.815811467444,116.9605,246.287959212377,123.1213,129.569683168317,0.0,80.1051208053691,0.0,163.778666666667,243.648444444444,0.0,0.0,197.009333333333,0.0,0.0,0.0,149.272333333333,105.2748125,0.0,0.0,97.9499206349206,0.0,0.0,184.7795,0.0,208.860472222222,254.574583333333,0.0,0.0,252.724843283582,0.0,149.254833333333,0.0
J,2014,104.325393724935,0.0,0.0,91.382775,61.4685110217456,119.998166666667,194.262737953304,151.165671383648,119.839770992366,95.071534883721,45.6374312977099,0.0,103.934901162791,203.618933962264,128.16492,83.0700117647059,96.4128831168831,0.0,72.9380740740741,0.0,74.700379032258,43.6214555555556,0.0,111.254696428571,122.142981414868,62.0840555555556,0.0,188.821896296296,49.9519,226.8004,124.884,43.5489411764706,102.432583333333,93.4063050682262,0.0,176.951588235294,50.7119625
J,2015,91.0606982323233,70.845,142.270539473684,0.0,70.7742678597411,86.5423076923077,191.06631372549,122.924930167598,63.9537152317881,102.291636363636,90.4097222222222,0.0,97.1251236933798,174.47007826087,143.760579545455,95.0681814814815,101.283440789474,132.178185185185,114.412475717439,0.0,86.1544049586777,74.0290113636363,80.3979375,101.410972972973,84.3447320916905,81.1245357142857,113.9070625,177.571844512195,94.0019699074074,206.561483333333,148.627806122449,110.583,132.108372007366,52.3578498062016,0.0,111.897149920255,58.4512380952381
J,2016,59.6701189790037,59.3900555555556,40.0335714285714,0.0,54.7367015296368,114.2529,146.125900675676,100.834452542373,42.0974747340425,214.587203125,109.689255905512,0.0,80.6792357819906,113.769966796875,195.748350746269,126.323821428571,93.2227347560976,97.0250227272727,106.852684782609,85.9072857142857,53.7997244897959,198.425125,92.3145731707317,176.609083333333,129.106608235294,62.6114166666667,76.153,133.846657563025,51.3242651515152,186.5585,91.0471782178217,61.8804432624113,104.494110429448,40.1956844919786,50.4956,103.555855095541,96.7258
J,2017,67.4564382716049,59.3199891304348,73.1078862660944,0.0,43.903751497006,83.2099208333333,63.8012410196987,115.361802721088,44.0799850230415,102.720661764706,74.418995412844,0.0,81.1620887784091,144.649201780415,163.065238095238,147.910275,103.16848,0.0,109.526083333333,0.0,135.5067,133.757673913043,85.3450217391304,145.524640625,130.044201508621,79.2792894736842,97.0354580645162,99.4715411764706,75.0512409638555,117.289176595745,95.2058398058252,84.4383377192983,93.8850688073395,62.6010860294118,75.29475,123.015173986486,120.210514705882
J,2018,77.2985324983073,60.6751953642384,178.439424168298,0.0,46.1117935388043,113.45611965812,37.6029511769834,151.920037401575,48.1351486486487,51.0372317073171,78.4479423076923,0.0,123.401333579882,150.560033033033,138.787211538462,145.473315789474,124.518330645161,0.0,124.736942307692,119.101882352941,73.2588472222222,120.713431818182,75.636575,153.330556818182,121.521797218155,179.032767857143,72.8556014851485,179.134711015737,91.0382453987731,108.980413857678,91.9691982758621,83.4064264705883,89.4896123188406,59.0320571672355,70.5877894736842,114.21876446281,103.521794117647
J,2019,57.2999188151399,44.7664346405228,154.10761485826,0.0,61.2141488137814,97.6740674242425,24.600824291498,152.153351895735,42.8721335311572,47.6583518518519,77.2795076923077,69.674625,107.663328723404,150.634162903226,127.035166666667,162.62897826087,121.891179104478,0.0,177.1115,57.0081363636363,0.0,90.5631590909091,68.9777291666667,56.8584347826087,82.5067092024541,80.27475,70.8505390625,151.108017379679,78.205537815126,73.3573858921162,98.8820303030303,48.6788181818182,57.71609375,58.1088300884956,68.88325,90.8845594713656,46.9780777777778
J,2020,60.4394518860663,42.7238494623656,170.372021696253,0.0,86.0109599999998,109.4393875,30.7533639607494,91.4824214285714,38.386458781362,48.2863958333333,64.90925,60.5423461538462,50.3628896484375,84.7556003236246,106.733882352941,89.0029647887324,65.5663735955056,70.4935,54.074052631579,52.3665,0.0,82.4365714285714,79.2978113207547,70.3779264705882,63.501652217742,49.971,67.8344220430108,145.777667391304,64.3060721649485,70.6184671532847,115.140765625,33.4633555555555,25.6590853658537,44.9350331010453,0.0,73.5771179487179,28.3858541666667
J,2021,70.6891029411764,0.0,200.240026315789,0.0,48.0666802536231,0.0,36.3739663865547,95.6428076923077,23.9607261904762,48.5636,0.0,0.0,30.0928789473684,125.026777777778,0.0,0.0,93.7668721804511,0.0,42.9670208333333,0.0,0.0,0.0,0.0,0.0,52.9122307692307,0.0,72.8621333333333,110.638330882353,80.3833076923077,41.9038457446809,0.0,0.0,31.5302253521127,50.092844,0.0,83.843825,32.5014791666667
J,2022,40.4294504132231,52.072875,146.848445578231,0.0,46.8316327554745,131.269833333333,18.3428323809524,99.5085384615385,27.9163614457831,104.410354166667,94.9402916666667,0.0,38.6971566666667,91.9004455782313,104.8289,78.9123857142857,76.5533630952381,0.0,51.6331627906977,0.0,0.0,61.2625,72.594890625,73.5879090909091,54.4597386018238,42.3786428571429,65.2880652173913,95.5884179104478,64.0660147058824,30.9526363636364,104.89525,42.4465,44.6261363636364,41.7246081081081,0.0,60.4804888059702,30.7130526315789
K,2012,236.399438271605,0.0,0.0,224.656409090909,199.778851145038,59.7479393939394,230.592180952381,77.758671875,86.9271041666666,0.0,53.8392466666667,0.0,224.03906,0.0,0.0,0.0,92.925,0.0,0.0,0.0,0.0,0.0,0.0,0.0,0.0,0.0,0.0,0.0,0.0,186.575083333333,0.0,0.0,0.0,171.817131205674,0.0,0.0,0.0
K,2013,228.373257377049,0.0,0.0,104.511682926829,215.251282692308,61.5637948717949,232.192526950355,76.2106333333333,106.362602941176,0.0,56.7266656804734,0.0,196.511583333333,253.458888888889,0.0,0.0,170.650166666667,0.0,0.0,0.0,41.7212083333333,142.153,0.0,0.0,119.524277777778,0.0,0.0,273.106,0.0,206.8411875,78.693,0.0,0.0,166.558470833333,0.0,195.062066666667,0.0
K,2014,220.203522119707,0.0,0.0,98.4081904761905,197.204659898477,54.7757857142857,217.850125346645,144.990705014749,79.4308992537314,206.041723577236,135.527290076336,0.0,126.255388257576,210.812520833333,282.692659090909,148.026267857143,152.560763513514,0.0,95.147125,0.0,42.4620476190476,144.1771,0.0,159.665481481482,124.042964285714,81.6127083333333,0.0,179.904740740741,52.3573333333333,194.109111111111,113.79825,37.6349705882353,93.7262822580645,212.702866855524,0.0,168.732785714286,86.8804625
K,2015,232.754369561404,60.2056666666667,147.873465116279,0.0,209.459847686151,58.6236538461538,223.572660722149,137.558061827957,106.6885,197.161538461538,174.670196969697,0.0,111.084638497653,167.842073076923,264.306266666667,143.233791428571,83.4770992907801,128.579303571429,105.665773026316,0.0,70.7435042735043,105.374590909091,125.57075,142.540957142857,105.335196531792,53.4885714285714,184.6084375,202.977769151139,97.2632808219178,268.7217,99.0933461538462,117.56973630137,128.660063314711,146.15073151751,0.0,141.429261261261,109.456698412698
K,2016,127.421287028922,49.8946666666667,185.930082191781,0.0,161.49892,68.1416805555556,229.536761611179,115.716805369128,51.6536591511937,221.441607142857,86.9742755905512,0.0,84.4777245862885,134.354501838235,179.664270833333,138.142065789474,94.5676295180723,64.0542727272727,96.2885595854923,64.556375,50.2501,78.2494642857143,84.698880952381,181.22298,99.9946960556845,33.4909722222222,0.0,181.969125,108.497382575758,259.481033333333,89.5670495049504,89.2128181818182,103.70354601227,15.8168121645796,41.4835333333333,160.626311746988,117.356307692308
K,2017,90.1644666522302,52.9734028776978,196.932837121212,0.0,155.861908807482,45.6702875,139.524954879328,108.430974576271,58.9451247165533,85.3397380952381,64.4086227272727,0.0,95.5980675487464,140.628210294118,152.42444047619,159.094414634146,68.7870643564357,0.0,101.515456852792,0.0,104.481942857143,180.259409090909,79.0906928571428,180.1295,95.2498180851063,77.0852105263158,103.5142,184.96888836478,104.577308383234,237.383296875,88.3703619047619,71.3556397849462,88.9258146551724,15.0463737151248,67.8722631578947,171.616779605263,118.394441176471
K,2018,41.0999864800759,54.8205993377483,129.149406321402,0.0,130.606258241758,110.53152016129,45.705441475827,117.998062068965,44.724275147929,77.1697894736842,60.5972071005917,53.326,87.3251721813726,143.499789402174,102.489214285714,100.320346938776,61.5230142857143,0.0,79.1954545454546,23.7364117647059,56.7381891891892,135.9027,67.9255357142857,148.421347826087,103.452397222222,155.474875,52.5218574879228,104.699597938144,82.5921574074075,128.725786971831,88.7426465517242,42.0705,68.2954424460432,27.4462900826447,68.6883684210526,128.783097435897,77.7243823529412
K,2019,40.6391896296297,44.9689934640523,102.448294117647,0.0,103.188783244366,104.03819595537,51.3888127522195,151.109127104377,38.6835133136095,127.400245454545,88.7837748091603,70.8606666666667,67.28440390625,151.217580821918,115.0056875,102.462118181818,154.595877604167,0.0,106.7116,26.0615652173913,0.0,143.618307692308,59.8865625,173.638806818182,101.5585595,59.214875,39.0721890547264,124.420447089947,124.304298319328,122.643395918367,93.1017878787879,31.6786038961039,91.85016015625,26.2885230769231,66.242,94.3925421245421,49.1793333333333
K,2020,36.1652084912813,126.889342391304,112.916116055846,0.0,90.4864485089463,110.325120689655,36.292042920354,105.738024509804,32.5993440860215,218.94925,138.315477272727,149.147933333333,94.1456824457594,144.129404530744,179.7795,173.585894366197,76.1291534090909,70.3548333333333,75.7495344827586,21.7685,0.0,160.913457142857,189.385326530612,129.465514705882,103.892145454545,78.5611875,43.4698797814208,132.383780434783,146.174358695652,73.6479873646209,102.2915,31.1674666666667,98.0298625,25.3149656357388,0.0,115.706356020942,48.46371875
K,2021,29.5784377828054,0.0,138.93895,0.0,82.0117126019946,0.0,46.9160461285008,81.6720288461538,21.1787401574803,212.863554347826,0.0,0.0,128.276435897436,154.510805555556,0.0,0.0,126.066147727273,0.0,29.4494791666667,0.0,0.0,0.0,0.0,0.0,98.1261256410257,0.0,74.9980833333333,109.806907407407,147.676846153846,102.467909574468,0.0,0.0,117.015105633803,29.858666,0.0,94.0389851485149,30.0418020833333
K,2022,21.7235097402597,0.0,0.0,0.0,55.6500519323671,0.0,32.5128333333333,118.332408163265,32.8221090909091,221.409333333333,0.0,0.0,80.0862589285714,168.939060606061,0.0,0.0,124.951438596491,0.0,26.408375,0.0,0.0,0.0,0.0,0.0,108.823512048193,0.0,96.2607321428571,66.5018382352941,143.466909090909,55.0477916666667,0.0,0.0,96.5027916666667,12.2189027777778,0.0,99.5632635135135,39.4868684210526
L,2012,97.0141103896104,0.0,0.0,82.8005322580645,141.227773529412,74.0733333333334,32.2505972222222,80.7395833333333,83.0980238095238,0.0,83.277,0.0,179.932689655172,0.0,0.0,0.0,93.0166666666667,0.0,0.0,0.0,0.0,0.0,0.0,0.0,0.0,0.0,0.0,0.0,0.0,283.611214285714,0.0,0.0,0.0,35.0534793103448,0.0,0.0,0.0
L,2013,67.7451803874092,0.0,0.0,95.811743902439,75.6327554969217,98.5173846153846,47.2485298742139,38.9104,131.251346534653,0.0,114.760736686391,0.0,154.580845238095,40.6853333333333,0.0,0.0,190.737333333333,0.0,0.0,0.0,211.713458333333,195.298,0.0,0.0,57.4638870967742,0.0,0.0,138.848,0.0,280.896529411765,202.453,0.0,0.0,29.4848001383126,0.0,110.8681875,0.0
L,2014,64.9501565226212,0.0,0.0,86.814225,45.2950871062992,57.0699166666667,50.2758157524613,86.4051581920904,99.3416477272726,193.845611111111,148.273921052632,0.0,101.026450549451,65.1647173913044,191.2756,144.065323529412,87.8731729166667,0.0,136.218269230769,0.0,81.6376532258065,195.095377777778,0.0,173.406259259259,72.3091755725191,58.1559444444444,0.0,98.4784111111111,50.00305,84.2798611111112,117.948083333333,125.392464285714,170.413071038251,21.0938558201058,0.0,129.291532894737,9.0937625
L,2015,79.63504984319,93.0235,104.977719512195,0.0,35.6729393939393,153.765375,26.8030012150668,49.5588360215054,34.6484967741935,152.404928571429,128.994550387597,0.0,102.428784795322,46.2086185185185,183.268086956522,139.09556039489,93.877503030303,171.463285714286,115.60138671024,0.0,88.9907268907563,151.659818181818,107.7483125,169.504,38.0537478386167,114.94475,187.761625,69.0147425149701,110.592358562691,19.2622421875,153.26603,110.701848765432,194.328479400749,15.5119226305609,0.0,52.0144992526158,15.8704126984127
L,2016,84.9115506756756,98.7645555555555,63.9879383561644,0.0,39.7617148468185,143.185393939394,21.7828823170732,63.6588894736842,29.4042395833333,206.994578947368,114.482134920635,0.0,93.3271889952153,45.1284181818182,190.428257575758,143.754833333333,90.4353047337278,176.949547619048,113.576711340206,162.2915625,107.184984693878,55.4077555555556,124.34296835443,170.449880952381,79.8584778037384,130.763361111111,146.89,56.4768223443224,145.377,14.2759807692308,147.195676767677,118.373081081081,165.857196774194,7.91062923351159,118.633233333333,38.385515015015,109.959538461538
L,2017,93.0259163108455,95.8070539568345,76.2881703296703,0.0,46.9146587921117,111.902833333333,23.6021287799791,54.6539810996563,39.330191011236,117.850012820513,125.491959090909,0.0,85.5246436688312,53.0207463976945,181.173065217391,152.237698924731,76.8549705882353,0.0,105.327062176166,0.0,89.6027142857143,146.234875,122.835760869565,167.42055,66.2387124463519,75.3358947368421,94.5635645161291,69.3019208860759,93.0450988023952,17.1762601626016,127.374610576923,106.653856521739,110.71168877551,8.96872907488986,118.831684210526,71.0453658940397,117.156852941176
L,2018,110.708806855277,113.655367549669,91.1885549815499,0.0,41.2773398251192,131.388531746032,19.9377820186599,97.6546436170213,66.2432699115045,137.391769230769,138.610264880952,90.3505,117.081878787879,64.8050428954424,0.0,107.987791666667,121.753307692308,0.0,121.881112903226,145.030147058824,98.6636060606061,76.9118918918919,130.176975609756,83.9935571428572,61.2674051246538,110.4221,107.964295454545,68.9556275862069,131.949254601227,14.9175295138889,146.680181034483,83.2367986111111,101.233183453237,12.9352520593081,131.607578947368,93.8230139593908,126.004394230769
L,2019,56.7779123563218,94.9746217105263,68.7768614514608,0.0,40.0710362600363,111.40104054054,21.1873136546185,88.3211120401338,62.2609652567976,140.587972222222,111.667453488372,87.2974583333333,113.891031347962,47.5228520547946,153.070944444444,108.426172727273,162.284162983425,0.0,170.700282258064,114.309425,0.0,74.258125,118.276854166667,82.9827717391304,60.5297916666667,174.955,95.4921410891089,75.189374005305,153.598306722689,20.8247943548387,142.327303030303,55.2758441558441,85.57347265625,8.03151196581196,180.20975,119.082143678161,96.1906444444444
L,2020,38.732302631579,93.7731075268818,42.1033347826087,0.0,34.7851887183741,102.704587719298,20.4544596412556,48.9146196172248,31.1187779783394,132.737677083333,90.8455681818182,122.568241935484,84.9724970355731,74.1619870550162,176.902352941176,85.5716549295774,115.423279661017,185.1735,109.136594827586,133.168,0.0,132.872814285714,132.611826923077,57.6881323529412,57.3991666666666,98.3546875,89.2824865591398,71.7786425438597,173.809634020619,12.4758727598566,113.274414285714,3.13693333333333,93.7835121951219,11.0142917383821,0.0,125.588905882353,100.779447916667
L,2021,40.5118505617978,0.0,16.821075,0.0,31.0133515625,0.0,19.0177351973684,72.6061923076923,15.1395551181102,168.84447826087,0.0,0.0,111.317103092784,157.171277777778,0.0,0.0,144.895890977444,0.0,53.4842083333333,0.0,0.0,0.0,0.0,0.0,26.274808974359,0.0,155.3941,57.6293816793893,181.775961538462,2.80910638297872,0.0,0.0,98.4910422535211,10.5634959839357,0.0,92.6234158415842,52.8263125
L,2022,40.5088039215686,0.0,0.0,0.0,15.9348269689738,0.0,17.2993728813559,92.8077142857143,15.8495272727273,212.063854166667,0.0,0.0,128.013857142857,162.264,0.0,0.0,132.046439655172,0.0,52.9304583333333,0.0,0.0,0.0,0.0,0.0,24.4901807228916,0.0,139.313982142857,43.4560151515152,182.541636363636,4.092375,0.0,0.0,79.9469027777778,11.2721342592593,0.0,97.9882733333333,49.7350789473684
M,2012,237.912025641026,0.0,0.0,154.155681818182,241.41599132948,153.839098039216,252.21215,205.851596774194,214.681071428571,0.0,190.715935897436,0.0,234.281038461538,0.0,0.0,0.0,93.0666666666667,0.0,0.0,0.0,0.0,0.0,0.0,0.0,0.0,0.0,0.0,0.0,0.0,271.542928571429,0.0,0.0,0.0,266.573875,0.0,0.0,0.0
M,2013,255.656501519757,0.0,0.0,152.16305952381,234.066816983122,177.501364864865,247.5265749354,213.299033333333,200.252274509804,0.0,161.933799401198,0.0,228.317225,234.821055555556,0.0,0.0,172.624,0.0,0.0,0.0,139.148041666667,220.954375,0.0,0.0,165.904812757202,0.0,0.0,189.852833333333,0.0,268.847444444444,187.934416666667,0.0,0.0,265.242836538462,0.0,210.677928571429,0.0
M,2014,252.723143997719,0.0,0.0,178.303681818182,236.832555220884,167.783928571429,239.315797245179,209.534277777778,176.549085820896,227.5486,197.180704545455,0.0,216.710288617886,208.18929245283,200.43472,140.828726744186,172.125851851852,0.0,194.168211538462,0.0,163.947852459016,214.544784090909,0.0,166.361107142857,171.750034172662,183.883833333333,0.0,205.319618518519,151.6695,269.088888888889,238.769416666667,164.66796875,203.118912568306,190.592283333333,0.0,178.776168674699,106.557575
M,2015,251.779053636364,169.7395,149.110157894737,0.0,233.432330792959,166.135208333333,243.481009881423,209.644663934426,209.568855704698,219.2895,188.752787878788,0.0,206.831415432099,192.325707964602,203.405423913043,140.185432249323,178.857615151515,184.696589285714,165.567965141612,0.0,160.300288135593,184.500193181818,192.821375,160.48675,148.905012931035,203.015214285714,188.3176875,199.488920245399,180.188603975535,269.493789473684,198.90942,185.197977848101,217.17616375969,259.618347150259,0.0,149.067059626437,109.656567460317
M,2016,246.582522998806,166.190166666667,198.296138888889,0.0,229.367621183206,163.654785714286,234.959958500669,182.603706081081,194.579602941176,232.469113636364,191.5829765625,0.0,203.602561868687,190.973210176991,196.650722222222,170.622214912281,183.065212121212,181.351590909091,166.3321484375,165.5508125,152.006510416667,143.737455555556,175.761201219512,167.513104166667,157.70990625,149.745111111111,159.449,193.978312962963,189.663830827068,275.577379807692,191.287034653465,176.424992592593,231.362261589404,255.191876130199,151.726633333333,171.765280528053,150.501461538462
M,2017,254.78295109356,172.955079136691,226.810694444444,0.0,236.032188070929,157.78775,233.303443600868,191.369542372882,193.112256976744,206.726975609756,186.234366972477,0.0,192.789235127479,196.180199695122,183.539511627907,163.096378048781,179.55236,0.0,164.181849740933,0.0,178.294543478261,178.858489130435,186.110661764706,198.16653125,151.357856502242,158.027710526316,170.387246753247,199.26769873817,175.030245508982,271.113566326531,203.747232673267,158.451141975309,203.920771551724,261.808175654853,195.581925,184.743841666666,144.961882352941
M,2018,227.710285382831,158.086758278146,178.176207335329,0.0,197.461097162845,141.13705952381,195.350579316389,182.285430555556,145.829812130178,203.394136363636,144.706713855422,185.9385,185.667998150432,171.207726902174,192.250196428571,160.901760416667,151.677968899522,0.0,152.510594771242,145.583117647059,146.164013513514,156.567622222222,178.957573170732,158.130956521739,121.193128116344,116.671375,139.876322115385,155.661039655172,172.870535714286,217.638429648241,182.98625862069,105.019347222222,142.298697841727,224.749238656987,159.910355263158,162.285445431472,129.031307692308
M,2019,218.500172952269,126.86341503268,186.755050863724,0.0,194.389069770947,136.775292887029,195.821926929392,205.191591503268,148.711991150443,204.060472222222,160.322313953488,139.429958333333,176.069569858713,192.943967123288,179.312166666667,165.963281818182,183.804418848168,0.0,217.94563559322,193.885108695652,0.0,146.169602272727,159.729791666667,120.977217391304,125.42671293581,127.166375,129.966722772277,153.703733421751,187.67487394958,221.02553686636,187.129666666667,105.143396103896,148.61809765625,202.69689266055,188.657,142.414038745388,128.257566666667
M,2020,218.260697469325,133.974978494624,199.292596830986,0.0,192.369021065183,131.317125,197.686444232602,184.817218137255,163.42606884058,197.825958333333,125.628081395349,167.222467741935,172.9036208577,165.633581168831,173.697823529412,152.675830985915,167.803218390805,242.3415,187.081775862069,195.898,0.0,204.916871428571,164.735198113208,131.706882352941,118.43679889669,142.6174375,129.147115591398,168.022315450644,160.569473958333,217.61222826087,211.44753030303,112.4511,175.032762195122,197.048689565217,0.0,129.631153439153,107.2813125
M,2021,217.455863431151,0.0,179.94085,0.0,184.674200726612,0.0,181.039705667276,142.061490384615,148.601067460317,137.585782608696,0.0,0.0,130.849925257732,159.276541666667,0.0,0.0,179.336180769231,0.0,196.340782608696,0.0,0.0,0.0,0.0,0.0,100.792154487179,0.0,122.4832,149.631827205882,139.125038461538,210.761188172043,0.0,0.0,134.459971830986,204.935933198381,0.0,89.9533168316832,106.821760416667
M,2022,207.302149006622,0.0,0.0,0.0,185.666503571428,0.0,177.710006726457,169.70556122449,138.232890909091,157.866604166667,0.0,0.0,94.3015,183.697848484848,0.0,0.0,153.244355932203,0.0,195.258666666667,0.0,0.0,0.0,0.0,0.0,96.6178475609756,0.0,135.331,144.395823529412,135.912045454545,217.6010625,0.0,0.0,128.299402777778,203.635541666667,0.0,94.9649662162162,94.2543157894737
